{"cameraMode":{"drawMode":0,"name":"Shaded","section":"Shading Mode"},"sceneLighting":true,"audioPlay":false,"sceneViewState":{"showFog":true,"showMaterialUpdate":true,"showSkybox":false,"showFlares":true,"showImageEffects":true,"showParticleSystems":true},"in2DMode":false,"pivot":{"x":-76.29071044921875,"y":-6.324943542480469,"z":-7.8625898361206059},"rotation":{"x":-0.25505146384239199,"y":-0.6819048523902893,"z":0.27743208408355715,"w":-0.6268858909606934},"size":73.5427017211914,"orthographic":false}