{"cameraMode":{"drawMode":0,"name":"Shaded","section":"Shading Mode"},"sceneLighting":true,"audioPlay":false,"sceneViewState":{"showFog":true,"showMaterialUpdate":true,"showSkybox":false,"showFlares":true,"showImageEffects":true,"showParticleSystems":true},"in2DMode":false,"pivot":{"x":-88.21514129638672,"y":17.63833999633789,"z":70.69127655029297},"rotation":{"x":0.20498715341091157,"y":-0.7283423542976379,"z":0.24654853343963624,"w":0.6055670976638794},"size":38.970619201660159,"orthographic":false}