{"cameraMode":{"drawMode":0,"name":"Shaded","section":"Shading Mode"},"sceneLighting":true,"audioPlay":false,"sceneViewState":{"showFog":true,"showMaterialUpdate":true,"showSkybox":false,"showFlares":true,"showImageEffects":true,"showParticleSystems":true},"in2DMode":false,"pivot":{"x":-3.3185858726501467,"y":-0.7358906269073486,"z":26.25678253173828},"rotation":{"x":0.07075218111276627,"y":-0.9085732102394104,"z":0.17181634902954102,"w":0.3741229176521301},"size":12.142796516418457,"orthographic":false}