{"cameraMode":{"drawMode":0,"name":"Shaded","section":"Shading Mode"},"sceneLighting":true,"audioPlay":false,"sceneViewState":{"showFog":true,"showMaterialUpdate":true,"showSkybox":false,"showFlares":true,"showImageEffects":true,"showParticleSystems":true},"in2DMode":false,"pivot":{"x":0.6451148986816406,"y":9.921308517456055,"z":47.87235641479492},"rotation":{"x":-0.05440697818994522,"y":0.9442938566207886,"z":-0.20276287198066712,"w":-0.2534486651420593},"size":50.50266647338867,"orthographic":false}