{"cameraMode":{"drawMode":0,"name":"Shaded","section":"Shading Mode"},"sceneLighting":false,"audioPlay":false,"sceneViewState":{"showFog":true,"showMaterialUpdate":true,"showSkybox":false,"showFlares":true,"showImageEffects":true,"showParticleSystems":true},"in2DMode":false,"pivot":{"x":-0.021865149959921838,"y":-0.058692239224910739,"z":0.5398393869400024},"rotation":{"x":-0.07618854194879532,"y":0.8991402387619019,"z":-0.17367810010910035,"w":-0.3944339454174042},"size":2.0684397220611574,"orthographic":false}