{"cameraMode":{"drawMode":0,"name":"Shaded","section":"Shading Mode"},"sceneLighting":false,"audioPlay":false,"sceneViewState":{"showFog":true,"showMaterialUpdate":true,"showSkybox":false,"showFlares":true,"showImageEffects":true,"showParticleSystems":true},"in2DMode":false,"pivot":{"x":-9.5367431640625e-7,"y":-4.867724783252925e-7,"z":-9.5367431640625e-7},"rotation":{"x":0.24046862125396729,"y":-0.7117897272109985,"z":0.2883586883544922,"w":0.5936155915260315},"size":80.30963897705078,"orthographic":false}