{"cameraMode":{"drawMode":0,"name":"Shaded","section":"Shading Mode"},"sceneLighting":true,"audioPlay":false,"sceneViewState":{"showFog":true,"showMaterialUpdate":true,"showSkybox":false,"showFlares":true,"showImageEffects":true,"showParticleSystems":true},"in2DMode":false,"pivot":{"x":0.7303829193115234,"y":-2.7976627349853517,"z":-18.20923614501953},"rotation":{"x":0.24559681117534638,"y":-0.7182402014732361,"z":0.30740776658058169,"w":0.5738586187362671},"size":31.735301971435548,"orthographic":false}