{"cameraMode":{"drawMode":0,"name":"Shaded","section":"Shading Mode"},"sceneLighting":false,"audioPlay":false,"sceneViewState":{"showFog":true,"showMaterialUpdate":true,"showSkybox":false,"showFlares":true,"showImageEffects":true,"showParticleSystems":true},"in2DMode":false,"pivot":{"x":-2.0546131134033205,"y":9.31544303894043,"z":6.053705215454102},"rotation":{"x":0.08936572819948197,"y":-0.8911547660827637,"z":0.20058785378932954,"w":0.3970157206058502},"size":28.641695022583009,"orthographic":false}