{"cameraMode":{"drawMode":0,"name":"Shaded","section":"Shading Mode"},"sceneLighting":true,"audioPlay":false,"sceneViewState":{"showFog":true,"showMaterialUpdate":true,"showSkybox":false,"showFlares":true,"showImageEffects":true,"showParticleSystems":true},"in2DMode":false,"pivot":{"x":22.207637786865236,"y":0.8609871864318848,"z":6.996676921844482},"rotation":{"x":-0.1546010822057724,"y":0.7871856689453125,"z":-0.21914151310920716,"w":-0.5553504228591919},"size":1.435847282409668,"orthographic":false}